doublings,floor_index,initial_cost_index,residual_learning_rate,cost_index,evidence_status
0.00,10,100,0.2,100.00000000,calculated_chosen_scenario
0.05,10,100,0.2,99.00143496,calculated_chosen_scenario
0.10,10,100,0.2,98.01394917,calculated_chosen_scenario
0.15,10,100,0.2,97.03741970,calculated_chosen_scenario
0.20,10,100,0.2,96.07172498,calculated_chosen_scenario
0.25,10,100,0.2,95.11674481,calculated_chosen_scenario
0.30,10,100,0.2,94.17236030,calculated_chosen_scenario
0.35,10,100,0.2,93.23845390,calculated_chosen_scenario
0.40,10,100,0.2,92.31490935,calculated_chosen_scenario
0.45,10,100,0.2,91.40161167,calculated_chosen_scenario
0.50,10,100,0.2,90.49844719,calculated_chosen_scenario
0.55,10,100,0.2,89.60530347,calculated_chosen_scenario
0.60,10,100,0.2,88.72206932,calculated_chosen_scenario
0.65,10,100,0.2,87.84863481,calculated_chosen_scenario
0.70,10,100,0.2,86.98489120,calculated_chosen_scenario
0.75,10,100,0.2,86.13073097,calculated_chosen_scenario
0.80,10,100,0.2,85.28604779,calculated_chosen_scenario
0.85,10,100,0.2,84.45073651,calculated_chosen_scenario
0.90,10,100,0.2,83.62469314,calculated_chosen_scenario
0.95,10,100,0.2,82.80781487,calculated_chosen_scenario
1.00,10,100,0.2,82.00000000,calculated_chosen_scenario
1.05,10,100,0.2,81.20114797,calculated_chosen_scenario
1.10,10,100,0.2,80.41115934,calculated_chosen_scenario
1.15,10,100,0.2,79.62993576,calculated_chosen_scenario
1.20,10,100,0.2,78.85737998,calculated_chosen_scenario
1.25,10,100,0.2,78.09339585,calculated_chosen_scenario
1.30,10,100,0.2,77.33788824,calculated_chosen_scenario
1.35,10,100,0.2,76.59076312,calculated_chosen_scenario
1.40,10,100,0.2,75.85192748,calculated_chosen_scenario
1.45,10,100,0.2,75.12128934,calculated_chosen_scenario
1.50,10,100,0.2,74.39875775,calculated_chosen_scenario
1.55,10,100,0.2,73.68424277,calculated_chosen_scenario
1.60,10,100,0.2,72.97765546,calculated_chosen_scenario
1.65,10,100,0.2,72.27890785,calculated_chosen_scenario
1.70,10,100,0.2,71.58791296,calculated_chosen_scenario
1.75,10,100,0.2,70.90458477,calculated_chosen_scenario
1.80,10,100,0.2,70.22883823,calculated_chosen_scenario
1.85,10,100,0.2,69.56058921,calculated_chosen_scenario
1.90,10,100,0.2,68.89975452,calculated_chosen_scenario
1.95,10,100,0.2,68.24625190,calculated_chosen_scenario
2.00,10,100,0.2,67.60000000,calculated_chosen_scenario
2.05,10,100,0.2,66.96091838,calculated_chosen_scenario
2.10,10,100,0.2,66.32892747,calculated_chosen_scenario
2.15,10,100,0.2,65.70394861,calculated_chosen_scenario
2.20,10,100,0.2,65.08590399,calculated_chosen_scenario
2.25,10,100,0.2,64.47471668,calculated_chosen_scenario
2.30,10,100,0.2,63.87031059,calculated_chosen_scenario
2.35,10,100,0.2,63.27261050,calculated_chosen_scenario
2.40,10,100,0.2,62.68154198,calculated_chosen_scenario
2.45,10,100,0.2,62.09703147,calculated_chosen_scenario
2.50,10,100,0.2,61.51900620,calculated_chosen_scenario
2.55,10,100,0.2,60.94739422,calculated_chosen_scenario
2.60,10,100,0.2,60.38212437,calculated_chosen_scenario
2.65,10,100,0.2,59.82312628,calculated_chosen_scenario
2.70,10,100,0.2,59.27033037,calculated_chosen_scenario
2.75,10,100,0.2,58.72366782,calculated_chosen_scenario
2.80,10,100,0.2,58.18307058,calculated_chosen_scenario
2.85,10,100,0.2,57.64847136,calculated_chosen_scenario
2.90,10,100,0.2,57.11980361,calculated_chosen_scenario
2.95,10,100,0.2,56.59700152,calculated_chosen_scenario
3.00,10,100,0.2,56.08000000,calculated_chosen_scenario
3.05,10,100,0.2,55.56873470,calculated_chosen_scenario
3.10,10,100,0.2,55.06314197,calculated_chosen_scenario
3.15,10,100,0.2,54.56315888,calculated_chosen_scenario
3.20,10,100,0.2,54.06872319,calculated_chosen_scenario
3.25,10,100,0.2,53.57977334,calculated_chosen_scenario
3.30,10,100,0.2,53.09624848,calculated_chosen_scenario
3.35,10,100,0.2,52.61808840,calculated_chosen_scenario
3.40,10,100,0.2,52.14523359,calculated_chosen_scenario
3.45,10,100,0.2,51.67762518,calculated_chosen_scenario
3.50,10,100,0.2,51.21520496,calculated_chosen_scenario
3.55,10,100,0.2,50.75791538,calculated_chosen_scenario
3.60,10,100,0.2,50.30569949,calculated_chosen_scenario
3.65,10,100,0.2,49.85850102,calculated_chosen_scenario
3.70,10,100,0.2,49.41626429,calculated_chosen_scenario
3.75,10,100,0.2,48.97893426,calculated_chosen_scenario
3.80,10,100,0.2,48.54645647,calculated_chosen_scenario
3.85,10,100,0.2,48.11877709,calculated_chosen_scenario
3.90,10,100,0.2,47.69584289,calculated_chosen_scenario
3.95,10,100,0.2,47.27760121,calculated_chosen_scenario
4.00,10,100,0.2,46.86400000,calculated_chosen_scenario
4.05,10,100,0.2,46.45498776,calculated_chosen_scenario
4.10,10,100,0.2,46.05051358,calculated_chosen_scenario
4.15,10,100,0.2,45.65052711,calculated_chosen_scenario
4.20,10,100,0.2,45.25497855,calculated_chosen_scenario
4.25,10,100,0.2,44.86381867,calculated_chosen_scenario
4.30,10,100,0.2,44.47699878,calculated_chosen_scenario
4.35,10,100,0.2,44.09447072,calculated_chosen_scenario
4.40,10,100,0.2,43.71618687,calculated_chosen_scenario
4.45,10,100,0.2,43.34210014,calculated_chosen_scenario
4.50,10,100,0.2,42.97216397,calculated_chosen_scenario
4.55,10,100,0.2,42.60633230,calculated_chosen_scenario
4.60,10,100,0.2,42.24455960,calculated_chosen_scenario
4.65,10,100,0.2,41.88680082,calculated_chosen_scenario
4.70,10,100,0.2,41.53301144,calculated_chosen_scenario
4.75,10,100,0.2,41.18314740,calculated_chosen_scenario
4.80,10,100,0.2,40.83716517,calculated_chosen_scenario
4.85,10,100,0.2,40.49502167,calculated_chosen_scenario
4.90,10,100,0.2,40.15667431,calculated_chosen_scenario
4.95,10,100,0.2,39.82208097,calculated_chosen_scenario
5.00,10,100,0.2,39.49120000,calculated_chosen_scenario
5.05,10,100,0.2,39.16399021,calculated_chosen_scenario
5.10,10,100,0.2,38.84041086,calculated_chosen_scenario
5.15,10,100,0.2,38.52042169,calculated_chosen_scenario
5.20,10,100,0.2,38.20398284,calculated_chosen_scenario
5.25,10,100,0.2,37.89105494,calculated_chosen_scenario
5.30,10,100,0.2,37.58159902,calculated_chosen_scenario
5.35,10,100,0.2,37.27557657,calculated_chosen_scenario
5.40,10,100,0.2,36.97294949,calculated_chosen_scenario
5.45,10,100,0.2,36.67368011,calculated_chosen_scenario
5.50,10,100,0.2,36.37773118,calculated_chosen_scenario
5.55,10,100,0.2,36.08506584,calculated_chosen_scenario
5.60,10,100,0.2,35.79564768,calculated_chosen_scenario
5.65,10,100,0.2,35.50944065,calculated_chosen_scenario
5.70,10,100,0.2,35.22640915,calculated_chosen_scenario
5.75,10,100,0.2,34.94651792,calculated_chosen_scenario
5.80,10,100,0.2,34.66973214,calculated_chosen_scenario
5.85,10,100,0.2,34.39601734,calculated_chosen_scenario
5.90,10,100,0.2,34.12533945,calculated_chosen_scenario
5.95,10,100,0.2,33.85766478,calculated_chosen_scenario
6.00,10,100,0.2,33.59296000,calculated_chosen_scenario
6.05,10,100,0.2,33.33119217,calculated_chosen_scenario
6.10,10,100,0.2,33.07232869,calculated_chosen_scenario
6.15,10,100,0.2,32.81633735,calculated_chosen_scenario
6.20,10,100,0.2,32.56318627,calculated_chosen_scenario
6.25,10,100,0.2,32.31284395,calculated_chosen_scenario
6.30,10,100,0.2,32.06527922,calculated_chosen_scenario
6.35,10,100,0.2,31.82046126,calculated_chosen_scenario
6.40,10,100,0.2,31.57835960,calculated_chosen_scenario
6.45,10,100,0.2,31.33894409,calculated_chosen_scenario
6.50,10,100,0.2,31.10218494,calculated_chosen_scenario
6.55,10,100,0.2,30.86805267,calculated_chosen_scenario
6.60,10,100,0.2,30.63651814,calculated_chosen_scenario
6.65,10,100,0.2,30.40755252,calculated_chosen_scenario
6.70,10,100,0.2,30.18112732,calculated_chosen_scenario
6.75,10,100,0.2,29.95721434,calculated_chosen_scenario
6.80,10,100,0.2,29.73578571,calculated_chosen_scenario
6.85,10,100,0.2,29.51681387,calculated_chosen_scenario
6.90,10,100,0.2,29.30027156,calculated_chosen_scenario
6.95,10,100,0.2,29.08613182,calculated_chosen_scenario
7.00,10,100,0.2,28.87436800,calculated_chosen_scenario
7.05,10,100,0.2,28.66495373,calculated_chosen_scenario
7.10,10,100,0.2,28.45786295,calculated_chosen_scenario
7.15,10,100,0.2,28.25306988,calculated_chosen_scenario
7.20,10,100,0.2,28.05054902,calculated_chosen_scenario
7.25,10,100,0.2,27.85027516,calculated_chosen_scenario
7.30,10,100,0.2,27.65222338,calculated_chosen_scenario
7.35,10,100,0.2,27.45636901,calculated_chosen_scenario
7.40,10,100,0.2,27.26268768,calculated_chosen_scenario
7.45,10,100,0.2,27.07115527,calculated_chosen_scenario
7.50,10,100,0.2,26.88174795,calculated_chosen_scenario
7.55,10,100,0.2,26.69444214,calculated_chosen_scenario
7.60,10,100,0.2,26.50921451,calculated_chosen_scenario
7.65,10,100,0.2,26.32604202,calculated_chosen_scenario
7.70,10,100,0.2,26.14490185,calculated_chosen_scenario
7.75,10,100,0.2,25.96577147,calculated_chosen_scenario
7.80,10,100,0.2,25.78862857,calculated_chosen_scenario
7.85,10,100,0.2,25.61345110,calculated_chosen_scenario
7.90,10,100,0.2,25.44021725,calculated_chosen_scenario
7.95,10,100,0.2,25.26890546,calculated_chosen_scenario
8.00,10,100,0.2,25.09949440,calculated_chosen_scenario
0.00,40,100,0.2,100.00000000,calculated_chosen_scenario
0.05,40,100,0.2,99.33428997,calculated_chosen_scenario
0.10,40,100,0.2,98.67596611,calculated_chosen_scenario
0.15,40,100,0.2,98.02494646,calculated_chosen_scenario
0.20,40,100,0.2,97.38114999,calculated_chosen_scenario
0.25,40,100,0.2,96.74449654,calculated_chosen_scenario
0.30,40,100,0.2,96.11490687,calculated_chosen_scenario
0.35,40,100,0.2,95.49230260,calculated_chosen_scenario
0.40,40,100,0.2,94.87660623,calculated_chosen_scenario
0.45,40,100,0.2,94.26774112,calculated_chosen_scenario
0.50,40,100,0.2,93.66563146,calculated_chosen_scenario
0.55,40,100,0.2,93.07020231,calculated_chosen_scenario
0.60,40,100,0.2,92.48137955,calculated_chosen_scenario
0.65,40,100,0.2,91.89908987,calculated_chosen_scenario
0.70,40,100,0.2,91.32326080,calculated_chosen_scenario
0.75,40,100,0.2,90.75382065,calculated_chosen_scenario
0.80,40,100,0.2,90.19069852,calculated_chosen_scenario
0.85,40,100,0.2,89.63382434,calculated_chosen_scenario
0.90,40,100,0.2,89.08312876,calculated_chosen_scenario
0.95,40,100,0.2,88.53854325,calculated_chosen_scenario
1.00,40,100,0.2,88.00000000,calculated_chosen_scenario
1.05,40,100,0.2,87.46743198,calculated_chosen_scenario
1.10,40,100,0.2,86.94077289,calculated_chosen_scenario
1.15,40,100,0.2,86.41995717,calculated_chosen_scenario
1.20,40,100,0.2,85.90491999,calculated_chosen_scenario
1.25,40,100,0.2,85.39559723,calculated_chosen_scenario
1.30,40,100,0.2,84.89192550,calculated_chosen_scenario
1.35,40,100,0.2,84.39384208,calculated_chosen_scenario
1.40,40,100,0.2,83.90128499,calculated_chosen_scenario
1.45,40,100,0.2,83.41419289,calculated_chosen_scenario
1.50,40,100,0.2,82.93250517,calculated_chosen_scenario
1.55,40,100,0.2,82.45616185,calculated_chosen_scenario
1.60,40,100,0.2,81.98510364,calculated_chosen_scenario
1.65,40,100,0.2,81.51927190,calculated_chosen_scenario
1.70,40,100,0.2,81.05860864,calculated_chosen_scenario
1.75,40,100,0.2,80.60305652,calculated_chosen_scenario
1.80,40,100,0.2,80.15255882,calculated_chosen_scenario
1.85,40,100,0.2,79.70705947,calculated_chosen_scenario
1.90,40,100,0.2,79.26650301,calculated_chosen_scenario
1.95,40,100,0.2,78.83083460,calculated_chosen_scenario
2.00,40,100,0.2,78.40000000,calculated_chosen_scenario
2.05,40,100,0.2,77.97394558,calculated_chosen_scenario
2.10,40,100,0.2,77.55261831,calculated_chosen_scenario
2.15,40,100,0.2,77.13596574,calculated_chosen_scenario
2.20,40,100,0.2,76.72393599,calculated_chosen_scenario
2.25,40,100,0.2,76.31647779,calculated_chosen_scenario
2.30,40,100,0.2,75.91354040,calculated_chosen_scenario
2.35,40,100,0.2,75.51507366,calculated_chosen_scenario
2.40,40,100,0.2,75.12102799,calculated_chosen_scenario
2.45,40,100,0.2,74.73135431,calculated_chosen_scenario
2.50,40,100,0.2,74.34600413,calculated_chosen_scenario
2.55,40,100,0.2,73.96492948,calculated_chosen_scenario
2.60,40,100,0.2,73.58808291,calculated_chosen_scenario
2.65,40,100,0.2,73.21541752,calculated_chosen_scenario
2.70,40,100,0.2,72.84688691,calculated_chosen_scenario
2.75,40,100,0.2,72.48244521,calculated_chosen_scenario
2.80,40,100,0.2,72.12204706,calculated_chosen_scenario
2.85,40,100,0.2,71.76564758,calculated_chosen_scenario
2.90,40,100,0.2,71.41320241,calculated_chosen_scenario
2.95,40,100,0.2,71.06466768,calculated_chosen_scenario
3.00,40,100,0.2,70.72000000,calculated_chosen_scenario
3.05,40,100,0.2,70.37915647,calculated_chosen_scenario
3.10,40,100,0.2,70.04209465,calculated_chosen_scenario
3.15,40,100,0.2,69.70877259,calculated_chosen_scenario
3.20,40,100,0.2,69.37914879,calculated_chosen_scenario
3.25,40,100,0.2,69.05318223,calculated_chosen_scenario
3.30,40,100,0.2,68.73083232,calculated_chosen_scenario
3.35,40,100,0.2,68.41205893,calculated_chosen_scenario
3.40,40,100,0.2,68.09682239,calculated_chosen_scenario
3.45,40,100,0.2,67.78508345,calculated_chosen_scenario
3.50,40,100,0.2,67.47680331,calculated_chosen_scenario
3.55,40,100,0.2,67.17194358,calculated_chosen_scenario
3.60,40,100,0.2,66.87046633,calculated_chosen_scenario
3.65,40,100,0.2,66.57233402,calculated_chosen_scenario
3.70,40,100,0.2,66.27750953,calculated_chosen_scenario
3.75,40,100,0.2,65.98595617,calculated_chosen_scenario
3.80,40,100,0.2,65.69763764,calculated_chosen_scenario
3.85,40,100,0.2,65.41251806,calculated_chosen_scenario
3.90,40,100,0.2,65.13056193,calculated_chosen_scenario
3.95,40,100,0.2,64.85173414,calculated_chosen_scenario
4.00,40,100,0.2,64.57600000,calculated_chosen_scenario
4.05,40,100,0.2,64.30332517,calculated_chosen_scenario
4.10,40,100,0.2,64.03367572,calculated_chosen_scenario
4.15,40,100,0.2,63.76701807,calculated_chosen_scenario
4.20,40,100,0.2,63.50331903,calculated_chosen_scenario
4.25,40,100,0.2,63.24254578,calculated_chosen_scenario
4.30,40,100,0.2,62.98466585,calculated_chosen_scenario
4.35,40,100,0.2,62.72964715,calculated_chosen_scenario
4.40,40,100,0.2,62.47745791,calculated_chosen_scenario
4.45,40,100,0.2,62.22806676,calculated_chosen_scenario
4.50,40,100,0.2,61.98144265,calculated_chosen_scenario
4.55,40,100,0.2,61.73755487,calculated_chosen_scenario
4.60,40,100,0.2,61.49637306,calculated_chosen_scenario
4.65,40,100,0.2,61.25786721,calculated_chosen_scenario
4.70,40,100,0.2,61.02200762,calculated_chosen_scenario
4.75,40,100,0.2,60.78876494,calculated_chosen_scenario
4.80,40,100,0.2,60.55811012,calculated_chosen_scenario
4.85,40,100,0.2,60.33001445,calculated_chosen_scenario
4.90,40,100,0.2,60.10444954,calculated_chosen_scenario
4.95,40,100,0.2,59.88138731,calculated_chosen_scenario
5.00,40,100,0.2,59.66080000,calculated_chosen_scenario
5.05,40,100,0.2,59.44266014,calculated_chosen_scenario
5.10,40,100,0.2,59.22694058,calculated_chosen_scenario
5.15,40,100,0.2,59.01361446,calculated_chosen_scenario
5.20,40,100,0.2,58.80265523,calculated_chosen_scenario
5.25,40,100,0.2,58.59403663,calculated_chosen_scenario
5.30,40,100,0.2,58.38773268,calculated_chosen_scenario
5.35,40,100,0.2,58.18371772,calculated_chosen_scenario
5.40,40,100,0.2,57.98196633,calculated_chosen_scenario
5.45,40,100,0.2,57.78245341,calculated_chosen_scenario
5.50,40,100,0.2,57.58515412,calculated_chosen_scenario
5.55,40,100,0.2,57.39004389,calculated_chosen_scenario
5.60,40,100,0.2,57.19709845,calculated_chosen_scenario
5.65,40,100,0.2,57.00629377,calculated_chosen_scenario
5.70,40,100,0.2,56.81760610,calculated_chosen_scenario
5.75,40,100,0.2,56.63101195,calculated_chosen_scenario
5.80,40,100,0.2,56.44648809,calculated_chosen_scenario
5.85,40,100,0.2,56.26401156,calculated_chosen_scenario
5.90,40,100,0.2,56.08355963,calculated_chosen_scenario
5.95,40,100,0.2,55.90510985,calculated_chosen_scenario
6.00,40,100,0.2,55.72864000,calculated_chosen_scenario
6.05,40,100,0.2,55.55412811,calculated_chosen_scenario
6.10,40,100,0.2,55.38155246,calculated_chosen_scenario
6.15,40,100,0.2,55.21089157,calculated_chosen_scenario
6.20,40,100,0.2,55.04212418,calculated_chosen_scenario
6.25,40,100,0.2,54.87522930,calculated_chosen_scenario
6.30,40,100,0.2,54.71018615,calculated_chosen_scenario
6.35,40,100,0.2,54.54697417,calculated_chosen_scenario
6.40,40,100,0.2,54.38557306,calculated_chosen_scenario
6.45,40,100,0.2,54.22596273,calculated_chosen_scenario
6.50,40,100,0.2,54.06812329,calculated_chosen_scenario
6.55,40,100,0.2,53.91203511,calculated_chosen_scenario
6.60,40,100,0.2,53.75767876,calculated_chosen_scenario
6.65,40,100,0.2,53.60503502,calculated_chosen_scenario
6.70,40,100,0.2,53.45408488,calculated_chosen_scenario
6.75,40,100,0.2,53.30480956,calculated_chosen_scenario
6.80,40,100,0.2,53.15719047,calculated_chosen_scenario
6.85,40,100,0.2,53.01120925,calculated_chosen_scenario
6.90,40,100,0.2,52.86684771,calculated_chosen_scenario
6.95,40,100,0.2,52.72408788,calculated_chosen_scenario
7.00,40,100,0.2,52.58291200,calculated_chosen_scenario
7.05,40,100,0.2,52.44330249,calculated_chosen_scenario
7.10,40,100,0.2,52.30524197,calculated_chosen_scenario
7.15,40,100,0.2,52.16871325,calculated_chosen_scenario
7.20,40,100,0.2,52.03369935,calculated_chosen_scenario
7.25,40,100,0.2,51.90018344,calculated_chosen_scenario
7.30,40,100,0.2,51.76814892,calculated_chosen_scenario
7.35,40,100,0.2,51.63757934,calculated_chosen_scenario
7.40,40,100,0.2,51.50845845,calculated_chosen_scenario
7.45,40,100,0.2,51.38077018,calculated_chosen_scenario
7.50,40,100,0.2,51.25449863,calculated_chosen_scenario
7.55,40,100,0.2,51.12962809,calculated_chosen_scenario
7.60,40,100,0.2,51.00614301,calculated_chosen_scenario
7.65,40,100,0.2,50.88402801,calculated_chosen_scenario
7.70,40,100,0.2,50.76326790,calculated_chosen_scenario
7.75,40,100,0.2,50.64384765,calculated_chosen_scenario
7.80,40,100,0.2,50.52575238,calculated_chosen_scenario
7.85,40,100,0.2,50.40896740,calculated_chosen_scenario
7.90,40,100,0.2,50.29347817,calculated_chosen_scenario
7.95,40,100,0.2,50.17927030,calculated_chosen_scenario
8.00,40,100,0.2,50.06632960,calculated_chosen_scenario
0.00,70,100,0.2,100.00000000,calculated_chosen_scenario
0.05,70,100,0.2,99.66714499,calculated_chosen_scenario
0.10,70,100,0.2,99.33798306,calculated_chosen_scenario
0.15,70,100,0.2,99.01247323,calculated_chosen_scenario
0.20,70,100,0.2,98.69057499,calculated_chosen_scenario
0.25,70,100,0.2,98.37224827,calculated_chosen_scenario
0.30,70,100,0.2,98.05745343,calculated_chosen_scenario
0.35,70,100,0.2,97.74615130,calculated_chosen_scenario
0.40,70,100,0.2,97.43830312,calculated_chosen_scenario
0.45,70,100,0.2,97.13387056,calculated_chosen_scenario
0.50,70,100,0.2,96.83281573,calculated_chosen_scenario
0.55,70,100,0.2,96.53510116,calculated_chosen_scenario
0.60,70,100,0.2,96.24068977,calculated_chosen_scenario
0.65,70,100,0.2,95.94954494,calculated_chosen_scenario
0.70,70,100,0.2,95.66163040,calculated_chosen_scenario
0.75,70,100,0.2,95.37691032,calculated_chosen_scenario
0.80,70,100,0.2,95.09534926,calculated_chosen_scenario
0.85,70,100,0.2,94.81691217,calculated_chosen_scenario
0.90,70,100,0.2,94.54156438,calculated_chosen_scenario
0.95,70,100,0.2,94.26927162,calculated_chosen_scenario
1.00,70,100,0.2,94.00000000,calculated_chosen_scenario
1.05,70,100,0.2,93.73371599,calculated_chosen_scenario
1.10,70,100,0.2,93.47038645,calculated_chosen_scenario
1.15,70,100,0.2,93.20997859,calculated_chosen_scenario
1.20,70,100,0.2,92.95245999,calculated_chosen_scenario
1.25,70,100,0.2,92.69779862,calculated_chosen_scenario
1.30,70,100,0.2,92.44596275,calculated_chosen_scenario
1.35,70,100,0.2,92.19692104,calculated_chosen_scenario
1.40,70,100,0.2,91.95064249,calculated_chosen_scenario
1.45,70,100,0.2,91.70709645,calculated_chosen_scenario
1.50,70,100,0.2,91.46625258,calculated_chosen_scenario
1.55,70,100,0.2,91.22808092,calculated_chosen_scenario
1.60,70,100,0.2,90.99255182,calculated_chosen_scenario
1.65,70,100,0.2,90.75963595,calculated_chosen_scenario
1.70,70,100,0.2,90.52930432,calculated_chosen_scenario
1.75,70,100,0.2,90.30152826,calculated_chosen_scenario
1.80,70,100,0.2,90.07627941,calculated_chosen_scenario
1.85,70,100,0.2,89.85352974,calculated_chosen_scenario
1.90,70,100,0.2,89.63325151,calculated_chosen_scenario
1.95,70,100,0.2,89.41541730,calculated_chosen_scenario
2.00,70,100,0.2,89.20000000,calculated_chosen_scenario
2.05,70,100,0.2,88.98697279,calculated_chosen_scenario
2.10,70,100,0.2,88.77630916,calculated_chosen_scenario
2.15,70,100,0.2,88.56798287,calculated_chosen_scenario
2.20,70,100,0.2,88.36196800,calculated_chosen_scenario
2.25,70,100,0.2,88.15823889,calculated_chosen_scenario
2.30,70,100,0.2,87.95677020,calculated_chosen_scenario
2.35,70,100,0.2,87.75753683,calculated_chosen_scenario
2.40,70,100,0.2,87.56051399,calculated_chosen_scenario
2.45,70,100,0.2,87.36567716,calculated_chosen_scenario
2.50,70,100,0.2,87.17300207,calculated_chosen_scenario
2.55,70,100,0.2,86.98246474,calculated_chosen_scenario
2.60,70,100,0.2,86.79404146,calculated_chosen_scenario
2.65,70,100,0.2,86.60770876,calculated_chosen_scenario
2.70,70,100,0.2,86.42344346,calculated_chosen_scenario
2.75,70,100,0.2,86.24122261,calculated_chosen_scenario
2.80,70,100,0.2,86.06102353,calculated_chosen_scenario
2.85,70,100,0.2,85.88282379,calculated_chosen_scenario
2.90,70,100,0.2,85.70660120,calculated_chosen_scenario
2.95,70,100,0.2,85.53233384,calculated_chosen_scenario
3.00,70,100,0.2,85.36000000,calculated_chosen_scenario
3.05,70,100,0.2,85.18957823,calculated_chosen_scenario
3.10,70,100,0.2,85.02104732,calculated_chosen_scenario
3.15,70,100,0.2,84.85438629,calculated_chosen_scenario
3.20,70,100,0.2,84.68957440,calculated_chosen_scenario
3.25,70,100,0.2,84.52659111,calculated_chosen_scenario
3.30,70,100,0.2,84.36541616,calculated_chosen_scenario
3.35,70,100,0.2,84.20602947,calculated_chosen_scenario
3.40,70,100,0.2,84.04841120,calculated_chosen_scenario
3.45,70,100,0.2,83.89254173,calculated_chosen_scenario
3.50,70,100,0.2,83.73840165,calculated_chosen_scenario
3.55,70,100,0.2,83.58597179,calculated_chosen_scenario
3.60,70,100,0.2,83.43523316,calculated_chosen_scenario
3.65,70,100,0.2,83.28616701,calculated_chosen_scenario
3.70,70,100,0.2,83.13875476,calculated_chosen_scenario
3.75,70,100,0.2,82.99297809,calculated_chosen_scenario
3.80,70,100,0.2,82.84881882,calculated_chosen_scenario
3.85,70,100,0.2,82.70625903,calculated_chosen_scenario
3.90,70,100,0.2,82.56528096,calculated_chosen_scenario
3.95,70,100,0.2,82.42586707,calculated_chosen_scenario
4.00,70,100,0.2,82.28800000,calculated_chosen_scenario
4.05,70,100,0.2,82.15166259,calculated_chosen_scenario
4.10,70,100,0.2,82.01683786,calculated_chosen_scenario
4.15,70,100,0.2,81.88350904,calculated_chosen_scenario
4.20,70,100,0.2,81.75165952,calculated_chosen_scenario
4.25,70,100,0.2,81.62127289,calculated_chosen_scenario
4.30,70,100,0.2,81.49233293,calculated_chosen_scenario
4.35,70,100,0.2,81.36482357,calculated_chosen_scenario
4.40,70,100,0.2,81.23872896,calculated_chosen_scenario
4.45,70,100,0.2,81.11403338,calculated_chosen_scenario
4.50,70,100,0.2,80.99072132,calculated_chosen_scenario
4.55,70,100,0.2,80.86877743,calculated_chosen_scenario
4.60,70,100,0.2,80.74818653,calculated_chosen_scenario
4.65,70,100,0.2,80.62893361,calculated_chosen_scenario
4.70,70,100,0.2,80.51100381,calculated_chosen_scenario
4.75,70,100,0.2,80.39438247,calculated_chosen_scenario
4.80,70,100,0.2,80.27905506,calculated_chosen_scenario
4.85,70,100,0.2,80.16500722,calculated_chosen_scenario
4.90,70,100,0.2,80.05222477,calculated_chosen_scenario
4.95,70,100,0.2,79.94069366,calculated_chosen_scenario
5.00,70,100,0.2,79.83040000,calculated_chosen_scenario
5.05,70,100,0.2,79.72133007,calculated_chosen_scenario
5.10,70,100,0.2,79.61347029,calculated_chosen_scenario
5.15,70,100,0.2,79.50680723,calculated_chosen_scenario
5.20,70,100,0.2,79.40132761,calculated_chosen_scenario
5.25,70,100,0.2,79.29701831,calculated_chosen_scenario
5.30,70,100,0.2,79.19386634,calculated_chosen_scenario
5.35,70,100,0.2,79.09185886,calculated_chosen_scenario
5.40,70,100,0.2,78.99098316,calculated_chosen_scenario
5.45,70,100,0.2,78.89122670,calculated_chosen_scenario
5.50,70,100,0.2,78.79257706,calculated_chosen_scenario
5.55,70,100,0.2,78.69502195,calculated_chosen_scenario
5.60,70,100,0.2,78.59854923,calculated_chosen_scenario
5.65,70,100,0.2,78.50314688,calculated_chosen_scenario
5.70,70,100,0.2,78.40880305,calculated_chosen_scenario
5.75,70,100,0.2,78.31550597,calculated_chosen_scenario
5.80,70,100,0.2,78.22324405,calculated_chosen_scenario
5.85,70,100,0.2,78.13200578,calculated_chosen_scenario
5.90,70,100,0.2,78.04177982,calculated_chosen_scenario
5.95,70,100,0.2,77.95255493,calculated_chosen_scenario
6.00,70,100,0.2,77.86432000,calculated_chosen_scenario
6.05,70,100,0.2,77.77706406,calculated_chosen_scenario
6.10,70,100,0.2,77.69077623,calculated_chosen_scenario
6.15,70,100,0.2,77.60544578,calculated_chosen_scenario
6.20,70,100,0.2,77.52106209,calculated_chosen_scenario
6.25,70,100,0.2,77.43761465,calculated_chosen_scenario
6.30,70,100,0.2,77.35509307,calculated_chosen_scenario
6.35,70,100,0.2,77.27348709,calculated_chosen_scenario
6.40,70,100,0.2,77.19278653,calculated_chosen_scenario
6.45,70,100,0.2,77.11298136,calculated_chosen_scenario
6.50,70,100,0.2,77.03406165,calculated_chosen_scenario
6.55,70,100,0.2,76.95601756,calculated_chosen_scenario
6.60,70,100,0.2,76.87883938,calculated_chosen_scenario
6.65,70,100,0.2,76.80251751,calculated_chosen_scenario
6.70,70,100,0.2,76.72704244,calculated_chosen_scenario
6.75,70,100,0.2,76.65240478,calculated_chosen_scenario
6.80,70,100,0.2,76.57859524,calculated_chosen_scenario
6.85,70,100,0.2,76.50560462,calculated_chosen_scenario
6.90,70,100,0.2,76.43342385,calculated_chosen_scenario
6.95,70,100,0.2,76.36204394,calculated_chosen_scenario
7.00,70,100,0.2,76.29145600,calculated_chosen_scenario
7.05,70,100,0.2,76.22165124,calculated_chosen_scenario
7.10,70,100,0.2,76.15262098,calculated_chosen_scenario
7.15,70,100,0.2,76.08435663,calculated_chosen_scenario
7.20,70,100,0.2,76.01684967,calculated_chosen_scenario
7.25,70,100,0.2,75.95009172,calculated_chosen_scenario
7.30,70,100,0.2,75.88407446,calculated_chosen_scenario
7.35,70,100,0.2,75.81878967,calculated_chosen_scenario
7.40,70,100,0.2,75.75422923,calculated_chosen_scenario
7.45,70,100,0.2,75.69038509,calculated_chosen_scenario
7.50,70,100,0.2,75.62724932,calculated_chosen_scenario
7.55,70,100,0.2,75.56481405,calculated_chosen_scenario
7.60,70,100,0.2,75.50307150,calculated_chosen_scenario
7.65,70,100,0.2,75.44201401,calculated_chosen_scenario
7.70,70,100,0.2,75.38163395,calculated_chosen_scenario
7.75,70,100,0.2,75.32192382,calculated_chosen_scenario
7.80,70,100,0.2,75.26287619,calculated_chosen_scenario
7.85,70,100,0.2,75.20448370,calculated_chosen_scenario
7.90,70,100,0.2,75.14673908,calculated_chosen_scenario
7.95,70,100,0.2,75.08963515,calculated_chosen_scenario
8.00,70,100,0.2,75.03316480,calculated_chosen_scenario
