component,scenario,region_id,material_multiplier_min,material_multiplier_max,residual_lr_min,residual_lr_max,evidence_status,numerical_source,rate_applies_to,account_boundary,supply_chain_levels,criterion_to_test,experience_unit,reference_production_Q0,accessible_doublings_D,engineering_floor,plant_cost_share,mechanism_source_url
HTS magnet,screening_band,A,10,100,0.1,0.2,chosen_scenario,author_selected_assumption,cost above separately justified engineering floor,"Qualified conductor, winding, joints and supporting structure; refrigerator separate",cross-industry; cross-fusion; concept-specific,"Repeated deposition and magnet fabrication retain specified current, stress tolerance and protection","Qualified tape length or comparable magnet assemblies, modeled separately",must be specified separately,log2(Q/Q0); not estimated here,must be justified separately,must be specified separately,https://www.sbir.gov/awards/214121
HTS magnet,no_learning_comparator,A,10,100,0,0,chosen_scenario,author_selected_assumption,cost above separately justified engineering floor,"Qualified conductor, winding, joints and supporting structure; refrigerator separate",cross-industry; cross-fusion; concept-specific,"Repeated deposition and magnet fabrication retain specified current, stress tolerance and protection","Qualified tape length or comparable magnet assemblies, modeled separately",must be specified separately,log2(Q/Q0); not estimated here,must be justified separately,must be specified separately,https://www.sbir.gov/awards/214121
IMG pulser assembly,screening_band,A,10,100,0.1,0.2,chosen_scenario,author_selected_assumption,cost above separately justified engineering floor,"Capacitors, switches, enclosure, interconnections, assembly and acceptance test",cross-industry; cross-fusion; concept-specific,Repeat brick and module fabrication with demonstrated pulse specification and service life,Compatible bricks or modules; operating pulses do not count as new production,must be specified separately,log2(Q/Q0); not estimated here,must be justified separately,must be specified separately,https://www.nature.com/articles/s41598-024-67774-4
IMG pulser assembly,no_learning_comparator,A,10,100,0,0,chosen_scenario,author_selected_assumption,cost above separately justified engineering floor,"Capacitors, switches, enclosure, interconnections, assembly and acceptance test",cross-industry; cross-fusion; concept-specific,Repeat brick and module fabrication with demonstrated pulse specification and service life,Compatible bricks or modules; operating pulses do not count as new production,must be specified separately,log2(Q/Q0); not estimated here,must be justified separately,must be specified separately,https://www.nature.com/articles/s41598-024-67774-4
IFE laser driver,screening_band,B,10,100,0.05,0.2,chosen_scenario,author_selected_assumption,cost above separately justified engineering floor,"Pump diodes, gain medium, optics, cooling and optical assembly; target system separate",cross-industry; cross-fusion; concept-specific,"Repeat diode and optical assembly with required wavelength, pulse energy, efficiency and life","Qualified pump components or comparable beamline modules, modeled separately",must be specified separately,log2(Q/Q0); not estimated here,must be justified separately,must be specified separately,https://lasers.llnl.gov/sites/lasers/files/2023-11/haefner-ILT-IFE-workshop-2022-1.pdf
IFE laser driver,no_learning_comparator,B,10,100,0,0,chosen_scenario,author_selected_assumption,cost above separately justified engineering floor,"Pump diodes, gain medium, optics, cooling and optical assembly; target system separate",cross-industry; cross-fusion; concept-specific,"Repeat diode and optical assembly with required wavelength, pulse energy, efficiency and life","Qualified pump components or comparable beamline modules, modeled separately",must be specified separately,log2(Q/Q0); not estimated here,must be justified separately,must be specified separately,https://lasers.llnl.gov/sites/lasers/files/2023-11/haefner-ILT-IFE-workshop-2022-1.pdf
First-wall or divertor assembly,screening_band,C,10,100,0.0,0.1,chosen_scenario,author_selected_assumption,cost above separately justified engineering floor,"Armor, heat sink, coolant joints and qualification; replacement costs retained separately",concept-specific; cross-fusion; cross-industry feedstocks,Joining and inspection improvements preserve heat-flux and lifetime requirements,"Qualified assemblies, including manufactured replacements",must be specified separately,log2(Q/Q0); not estimated here,must be justified separately,must be specified separately,https://www.iter.org/machine/divertor
First-wall or divertor assembly,no_learning_comparator,C,10,100,0,0,chosen_scenario,author_selected_assumption,cost above separately justified engineering floor,"Armor, heat sink, coolant joints and qualification; replacement costs retained separately",concept-specific; cross-fusion; cross-industry feedstocks,Joining and inspection improvements preserve heat-flux and lifetime requirements,"Qualified assemblies, including manufactured replacements",must be specified separately,log2(Q/Q0); not estimated here,must be justified separately,must be specified separately,https://www.iter.org/machine/divertor
Vacuum-vessel assembly,screening_band,D,3,30,0.0,0.1,chosen_scenario,author_selected_assumption,cost above separately justified engineering floor,"Defined sector, ports, welds, inspection and required cooling or shielding; field joints separate",cross-industry; concept-specific; whole-plant,"Repeat forming, welding and metrology retain load, confinement and assembly tolerances",Compatible sectors and operations; site integration modeled separately,must be specified separately,log2(Q/Q0); not estimated here,must be justified separately,must be specified separately,https://www.iter.org/machine/vacuum-vessel
Vacuum-vessel assembly,no_learning_comparator,D,3,30,0,0,chosen_scenario,author_selected_assumption,cost above separately justified engineering floor,"Defined sector, ports, welds, inspection and required cooling or shielding; field joints separate",cross-industry; concept-specific; whole-plant,"Repeat forming, welding and metrology retain load, confinement and assembly tolerances",Compatible sectors and operations; site integration modeled separately,must be specified separately,log2(Q/Q0); not estimated here,must be justified separately,must be specified separately,https://www.iter.org/machine/vacuum-vessel
Conventional steam balance of plant,screening_band,E,2,10,0.0,0.05,chosen_scenario,author_selected_assumption,cost above separately justified engineering floor,Conventional turbine-generator and ordinary heat exchange; site and novel sCO2 excluded,cross-industry; whole-plant,Additional supplier improvement beyond maturity already represented in present prices,Compatible equipment against existing qualified supplier production,must be specified separately,log2(Q/Q0); not estimated here,must be justified separately,must be specified separately,https://www.gti.energy/step-demo/step-demo-project/
Conventional steam balance of plant,no_learning_comparator,E,2,10,0,0,chosen_scenario,author_selected_assumption,cost above separately justified engineering floor,Conventional turbine-generator and ordinary heat exchange; site and novel sCO2 excluded,cross-industry; whole-plant,Additional supplier improvement beyond maturity already represented in present prices,Compatible equipment against existing qualified supplier production,must be specified separately,log2(Q/Q0); not estimated here,must be justified separately,must be specified separately,https://www.gti.energy/step-demo/step-demo-project/
Helium cryogenic equipment,screening_band,D,3,30,0.0,0.1,chosen_scenario,author_selected_assumption,cost above separately justified engineering floor,"Compressor, cold-box and refrigerator package; site distribution and installation separate",cross-industry; cross-fusion; concept-specific,"Repeat helium equipment and integration maintain temperature, transient-load and efficiency requirements",Qualified helium equipment; LNG volume not automatically transferable,must be specified separately,log2(Q/Q0); not estimated here,must be justified separately,must be specified separately,https://www.iter.org/machine/supporting-systems/cryogenics
Helium cryogenic equipment,no_learning_comparator,D,3,30,0,0,chosen_scenario,author_selected_assumption,cost above separately justified engineering floor,"Compressor, cold-box and refrigerator package; site distribution and installation separate",cross-industry; cross-fusion; concept-specific,"Repeat helium equipment and integration maintain temperature, transient-load and efficiency requirements",Qualified helium equipment; LNG volume not automatically transferable,must be specified separately,log2(Q/Q0); not estimated here,must be justified separately,must be specified separately,https://www.iter.org/machine/supporting-systems/cryogenics
Tritium-processing subsystem,screening_band,C,10,100,0.0,0.1,chosen_scenario,author_selected_assumption,cost above separately justified engineering floor,"One specified extraction, separation, storage or detritiation function; breeding blanket and fuel inventory excluded",cross-fusion; concept-specific; cross-industry subcomponents,"Repeat qualified process assemblies preserve throughput, purity, inventory control and containment","Compatible process subsystems or operations, not generic complete fuel cycles",must be specified separately,log2(Q/Q0); not estimated here,must be justified separately,must be specified separately,https://www.iter.org/machine/supporting-systems/fuelling
Tritium-processing subsystem,no_learning_comparator,C,10,100,0,0,chosen_scenario,author_selected_assumption,cost above separately justified engineering floor,"One specified extraction, separation, storage or detritiation function; breeding blanket and fuel inventory excluded",cross-fusion; concept-specific; cross-industry subcomponents,"Repeat qualified process assemblies preserve throughput, purity, inventory control and containment","Compatible process subsystems or operations, not generic complete fuel cycles",must be specified separately,log2(Q/Q0); not estimated here,must be justified separately,must be specified separately,https://www.iter.org/machine/supporting-systems/fuelling
